wcst;329422;1;1;explore;n;tr1;sy1;true;1377;4850
wcst;329422;2;2;explore;n;qy3;cr3;true;1081;3615
wcst;329422;3;3;explore;n;tr1;ty1;true;1055;2621
wcst;329422;4;4;explore;n;qy3;cy3;true;1107;2733
wcst;329422;5;5;explore;n;sg2;sb2;true;1418;3175
wcst;329422;6;6;explore;n;qy3;cb3;true;839;2202
wcst;329422;7;7;success;n;cb4;cr4;true;1024;2734
wcst;329422;8;1;explore;c;sg2;qr2;false;1052;2591
wcst;329422;9;2;explore;c;cb4;ty4;false;1706;5548
wcst;329422;10;3;explore;c;cb4;qb2;true;955;2518
wcst;329422;11;4;explore;c;tr1;qr3;true;1223;5214
wcst;329422;12;5;explore;c;qy3;qy2;true;949;2542
wcst;329422;13;6;explore;c;qy3;cy2;true;1254;2701
wcst;329422;14;7;explore;c;cb4;qb4;true;1139;2549
wcst;329422;15;8;explore;c;cb4;tb3;true;1105;3135
wcst;329422;16;9;explore;c;cb4;qb3;true;1159;2869
wcst;329422;17;10;explore;c;sg2;qg2;true;969;2877
wcst;329422;18;11;success;c;tr1;qr1;true;1066;2848
wcst;329422;19;1;explore;s;sg2;qg3;false;1308;2988
wcst;329422;20;2;explore;s;cb4;tb4;false;1116;2773
wcst;329422;21;3;explore;s;sg2;sr4;true;1532;4574
wcst;329422;22;4;explore;s;tr1;tr3;true;900;3172
wcst;329422;23;5;explore;s;cb4;cb1;true;1061;3596
wcst;329422;24;6;explore;s;tr1;tg3;true;993;2613
wcst;329422;25;7;explore;s;tr1;tg2;true;1100;2652
wcst;329422;26;8;explore;s;qy3;qy1;true;988;2318
wcst;329422;27;9;explore;s;sg2;sg1;true;1029;2637
wcst;329422;28;10;success;s;sg2;sr3;true;944;2447
wcst;329422;29;1;explore;sp;cb4;cg3;false;1197;5149
wcst;329422;30;2;explore;sp;tr1;cg1;false;1031;3469
wcst;329422;31;3;explore;sp;sg2;sy2;false;1330;3869
wcst;329422;32;4;explore;sp;qy3;cy4;true;971;2725
wcst;329422;33;5;explore;sp;sg2;sg4;false;1510;3253
wcst;329422;34;6;explore;sp;sg2;tb2;false;911;2502
wcst;329422;35;7;explore;sp;cb4;tg4;false;908;2492
wcst;329422;36;8;explore;sp;sg2;sg3;false;930;10317
wcst;329422;37;9;explore;sp;tr1;ty3;false;978;3302
wcst;329422;38;10;explore;sp;cb4;qy4;false;1335;2718
wcst;329422;39;11;explore;sp;cb4;cb2;false;946;2494
wcst;329422;40;12;explore;sp;tr1;sr1;false;1546;3365
wcst;329422;41;13;explore;sp;cb4;qr4;false;1845;3364
wcst;329422;42;14;explore;sp;tr1;tr4;false;894;2838
wcst;329422;43;15;explore;sp;sg2;tr2;false;867;3157
wcst;329422;44;16;explore;sp;qy3;qb1;true;948;2511
wcst;329422;45;17;explore;sp;sg2;sr2;false;795;5045
wcst;329422;46;18;explore;sp;sg2;cr2;false;992;2341
wcst;329422;47;19;explore;sp;tr1;cr1;false;623;1891
wcst;329422;48;20;explore;sp;qy3;ty2;true;1124;2479
wcst;329422;49;21;explore;sp;cb4;sb4;false;850;2541
wcst;329422;50;22;explore;sp;sg2;sy3;false;848;2661
wcst;329422;51;23;explore;sp;sg2;cg2;false;1004;3559
wcst;329422;52;24;explore;sp;cb4;tb1;false;660;1900
wcst;329422;53;25;explore;sp;div3;sy4;false;905;2357
wcst;329422;54;26;explore;sp;tr1;sb1;false;1419;2757
wcst;329422;55;27;explore;sp;sg2;qg4;false;1147;2477
wcst;329422;56;28;explore;sp;qy3;cy1;true;1191;2405
wcst;329422;57;29;explore;sp;sg2;tg1;false;995;3189
wcst;329422;58;30;explore;sp;div4;sb3;false;1143;2462
wcst;329422;59;31;failed;sp;tr1;qg1;false;942;2598
wcst;757143;1;1;explore;c;cb4;tg4;false;816;22461
wcst;757143;2;2;explore;c;cb4;qg4;false;713;17403
wcst;757143;3;3;explore;c;sg2;sr2;false;610;2390
wcst;757143;4;4;explore;c;tr1;qy1;false;658;3333
wcst;757143;5;5;explore;c;sg2;tg2;true;602;4118
wcst;757143;6;6;explore;c;cb4;cy4;false;658;2701
wcst;757143;7;7;explore;c;cb4;tb4;true;747;3279
wcst;757143;8;8;explore;c;sg2;cr2;false;1020;4373
wcst;757143;9;9;explore;c;sg2;sr3;false;890;2692
wcst;757143;10;10;explore;c;cb4;tr4;false;977;5492
wcst;757143;11;11;explore;c;tr1;cg1;false;665;3045
wcst;757143;12;12;explore;c;qy3;tb3;false;681;2366
wcst;757143;13;13;explore;c;sg2;sy2;false;913;2669
wcst;757143;14;14;explore;c;sg2;sy1;false;785;2893
wcst;757143;15;15;explore;c;qy3;cy3;true;794;2229
wcst;757143;16;16;explore;c;cb4;cg4;false;688;2605
wcst;757143;17;17;explore;c;qy3;qg3;false;1074;3383
wcst;757143;18;18;explore;c;cb4;sb4;true;1253;3769
wcst;757143;19;19;explore;c;tr1;tb1;false;1234;3066
wcst;757143;20;20;explore;c;tr1;cr4;true;705;6028
wcst;757143;21;21;explore;c;qy3;ty2;true;834;1907
wcst;757143;22;22;explore;c;cb4;cb3;true;570;1565
wcst;757143;23;23;explore;c;cb4;sb1;true;600;4100
wcst;757143;24;24;explore;c;sg2;cg2;true;594;1567
wcst;757143;25;25;explore;c;cb4;cb2;true;682;1573
wcst;757143;26;26;explore;c;qy3;sy3;true;587;1630
wcst;757143;27;27;explore;c;qy3;ty1;true;666;2100
wcst;757143;28;28;success;c;cb4;qb2;true;609;1998
wcst;757143;29;1;explore;s;tr1;cr3;false;586;1574
wcst;757143;30;2;explore;s;cb4;sb2;false;681;3038
wcst;757143;31;3;explore;s;tr1;qr4;false;510;9030
wcst;757143;32;4;explore;s;sg2;sg3;true;1457;2893
wcst;757143;33;5;explore;s;tr1;qr3;false;578;4654
wcst;757143;34;6;explore;s;qy3;sb3;false;649;4124
wcst;757143;35;7;explore;s;sg2;sg1;true;1553;4917
wcst;757143;36;8;explore;s;tr1;cr1;false;1210;5102
wcst;757143;37;9;explore;s;cb4;qy4;false;594;2342
wcst;757143;38;10;explore;s;cb4;sy4;false;810;2894
wcst;757143;39;11;explore;s;sg2;sr4;true;594;5429
wcst;757143;40;12;explore;s;tr1;tg3;true;736;2437
wcst;757143;41;13;explore;s;qy3;qr2;true;643;2127
wcst;757143;42;14;explore;s;qy3;qg1;true;521;1604
wcst;757143;43;15;explore;s;sg2;sg4;true;569;2157
wcst;757143;44;16;explore;s;tr1;tr3;true;1208;4701
wcst;757143;45;17;explore;s;tr1;tb2;true;640;1957
wcst;757143;46;18;success;s;cb4;cy2;true;466;1509
wcst;757143;47;1;explore;n;cb4;cy1;false;528;1350
wcst;757143;48;2;explore;n;cb4;cb1;false;577;4582
wcst;757143;49;3;explore;n;sg2;sr1;false;730;3567
wcst;757143;50;4;explore;n;qy3;qb3;true;1819;4143
wcst;757143;51;5;explore;n;qy3;ty3;true;770;4043
wcst;757143;52;6;explore;n;tr1;tg1;true;650;1902
wcst;757143;53;7;explore;n;tr1;qr1;true;562;1525
wcst;757143;54;8;explore;n;sg2;qg2;true;665;1878
wcst;757143;55;9;explore;n;qy3;cg3;true;593;1758
wcst;757143;56;10;success;n;tr1;qb1;true;621;1545
wcst;757143;57;1;explore;sp;cb4;ty4;false;810;1979
wcst;757143;58;2;explore;sp;tr1;tr2;false;3457;6132
wcst;757143;59;3;explore;sp;sg2;qy2;false;817;4110
wcst;757143;60;4;explore;sp;tr1;tr4;false;600;2317
wcst;757143;61;5;explore;sp;tr1;tg1;false;633;12238
wcst;757143;62;6;explore;sp;cb4;tg4;false;1321;3173
wcst;757143;63;7;explore;sp;cb4;sb3;false;686;2351
wcst;757143;64;8;explore;sp;tr1;ty3;false;650;4861
wcst;757143;65;9;explore;sp;sg2;cr2;false;874;2611
wcst;757143;66;10;explore;sp;sg2;cg3;false;778;4486
wcst;757143;67;11;explore;sp;tr1;qb4;false;617;6942
wcst;757143;68;12;explore;sp;qy3;qy2;true;642;2806
wcst;757143;69;13;explore;sp;qy3;cy1;false;1792;8738
wcst;757143;70;14;explore;sp;cb4;sy4;false;675;2999
wcst;757143;71;15;explore;sp;sg2;qb2;false;858;2489
wcst;757143;72;16;explore;sp;tr1;sr2;false;705;2172
wcst;757143;73;17;explore;sp;qy3;ty1;true;705;5093
wcst;757143;74;18;explore;sp;sg2;qg2;false;906;2487
wcst;757143;75;19;explore;sp;qy3;sy1;true;746;5636
wcst;757143;76;20;explore;sp;qy3;cb1;false;585;1696
wcst;757143;77;21;explore;sp;qy3;tg3;true;1353;2779
wcst;757143;78;22;explore;sp;cb4;qg4;false;801;2717
wcst;757143;79;23;explore;sp;tr1;cr1;false;986;2319
wcst;757143;80;24;explore;sp;cb4;tb4;false;1124;3414
wcst;757143;81;25;explore;sp;tr1;sr1;false;1474;2836
wcst;757143;82;26;explore;sp;sg2;tr2;false;1917;3353
wcst;757143;83;27;explore;sp;cb4;cg1;false;825;3999
wcst;757143;84;28;explore;sp;cb4;sb1;false;812;2871
wcst;757143;85;29;explore;sp;sg2;sb2;false;689;2066
wcst;757143;86;30;explore;sp;qy3;cy2;true;2906;4551
wcst;757143;87;31;failed;sp;sg2;qb3;false;840;2508
wcst;242040;1;1;explore;s;sg2;qg4;false;751;3778
wcst;242040;2;2;explore;s;qy3;qr4;true;914;3515
wcst;242040;3;3;explore;s;cb4;cy3;true;739;3050
wcst;242040;4;4;explore;s;sg2;sb2;true;674;1924
wcst;242040;5;5;explore;s;cb4;cr2;true;754;2133
wcst;242040;6;6;explore;s;qy3;qr2;true;618;1733
wcst;242040;7;7;explore;s;sg2;sy1;true;979;2350
wcst;242040;8;8;explore;s;tr1;ty2;true;786;2491
wcst;242040;9;9;explore;s;sg2;sg3;true;882;2244
wcst;242040;10;10;success;s;tr1;ty4;true;602;2325
wcst;242040;11;1;explore;c;tr1;tr2;true;826;2212
wcst;242040;12;2;explore;c;tr1;tr3;true;954;2229
wcst;242040;13;3;explore;c;tr1;tr4;true;874;1916
wcst;242040;14;4;explore;c;sg2;sy2;false;762;1981
wcst;242040;15;5;explore;c;tr1;tb2;false;1962;5533
wcst;242040;16;6;explore;c;sg2;qg3;true;754;3190
wcst;242040;17;7;explore;c;cb4;cb3;true;946;2164
wcst;242040;18;8;explore;c;qy3;sy3;true;698;1636
wcst;242040;19;9;explore;c;sg2;sg1;true;682;1894
wcst;242040;20;10;explore;c;sg2;tg3;true;634;3165
wcst;242040;21;11;explore;c;cb4;qb1;true;762;1972
wcst;242040;22;12;success;c;sg2;cg3;true;1226;2597
wcst;242040;23;1;explore;n;sg2;tg2;true;513;1596
wcst;242040;24;2;explore;n;qy3;ty1;false;522;1318
wcst;242040;25;3;explore;n;cb4;tb3;false;1042;3166
wcst;242040;26;4;explore;n;cb4;tg4;true;1226;4549
wcst;242040;27;5;explore;n;cb4;sb4;true;939;2726
wcst;242040;28;6;explore;n;cb4;sg4;true;785;2099
wcst;242040;29;7;explore;n;tr1;tb1;true;1001;2213
wcst;242040;30;8;explore;n;qy3;qr3;true;713;2069
wcst;242040;31;9;explore;n;tr1;tg1;true;713;1708
wcst;242040;32;10;explore;n;sg2;qg2;true;1356;2454
wcst;242040;33;11;success;n;cb4;cy4;true;721;1671
wcst;242040;34;1;explore;sp;cb4;qy4;false;729;1837
wcst;242040;35;2;explore;sp;tr1;cy1;false;609;5740
wcst;242040;36;3;explore;sp;cb4;cr3;false;954;4573
wcst;242040;37;4;explore;sp;qy3;qy2;true;681;3188
wcst;242040;38;5;explore;sp;tr1;sr2;true;641;2189
wcst;242040;39;6;explore;sp;qy3;qy1;false;698;1789
wcst;242040;40;7;explore;sp;tr1;cr1;false;785;3613
wcst;242040;41;8;explore;sp;sg2;sb1;false;3513;5085
wcst;242040;42;9;explore;sp;sg2;cy2;false;650;3332
wcst;242040;43;10;explore;sp;qy3;sr1;true;994;10957
wcst;242040;44;11;explore;sp;sg2;qb3;false;906;5828
wcst;242040;45;12;explore;sp;sg2;ty3;false;1123;6886
wcst;242040;46;13;explore;sp;tr1;qb4;false;1498;5356
wcst;242040;47;14;explore;sp;cb4;tb4;false;898;3285
wcst;242040;48;15;explore;sp;cb4;sy4;false;666;2068
wcst;242040;49;16;explore;sp;qy3;qr1;true;642;3069
wcst;242040;50;17;explore;sp;qy3;cr4;false;665;4829
wcst;242040;51;18;explore;sp;sg2;sb3;false;770;4388
wcst;242040;52;19;explore;sp;tr1;cg1;false;6570;7892
wcst;242040;53;20;explore;sp;sg2;cg2;false;633;1733
wcst;242040;54;21;explore;sp;sg2;sr3;false;561;2146
wcst;242040;55;22;explore;sp;cb4;cg4;false;625;2157
wcst;242040;56;23;explore;sp;cb4;cb1;false;585;1493
wcst;242040;57;24;explore;sp;qy3;qg1;true;625;1949
wcst;242040;58;25;explore;sp;qy3;qb2;false;1417;2773
wcst;242040;59;26;explore;sp;tr1;sr4;false;617;3426
wcst;242040;60;27;explore;sp;tr1;tr2;false;1129;2588
wcst;242040;61;28;explore;sp;tr1;sb4;false;729;1853
wcst;242040;62;29;explore;sp;tr1;qb3;false;721;2053
wcst;242040;63;30;explore;sp;tr1;tb4;false;621;1815
wcst;242040;64;31;failed;sp;tr1;tg1;false;690;2018
wcstf;776100;1;1;explore;sp;qy3;qr3;true;634;3822
wcstf;776100;2;2;explore;sp;qy3;qg3;false;605;3366
wcstf;776100;3;3;explore;sp;sg2;cy2;false;465;4022
wcstf;776100;4;4;explore;sp;sg2;sy2;false;2735;5962
wcstf;776100;5;5;explore;sp;cb4;sy4;false;453;7924
wcstf;776100;6;6;explore;sp;tr1;qr1;false;601;2162
wcstf;776100;7;7;explore;sp;tr1;tb2;false;1311;6844
wcstf;776100;8;8;explore;sp;cb4;qr4;false;797;17588
wcstf;776100;9;9;explore;sp;tr1;qg1;false;1290;6761
wcstf;776100;10;10;explore;sp;qy3;qb3;true;424;2941
wcstf;776100;11;11;explore;sp;tr1;sg4;true;823;6019
wcstf;776100;12;12;explore;sp;cb4;cy1;true;492;2551
wcstf;776100;13;13;explore;sp;sg2;cr1;true;766;2610
wcstf;776100;14;14;explore;sp;tr1;cg4;false;559;3226
wcstf;776100;15;15;explore;sp;tr1;tg4;false;552;5990
wcstf;776100;16;16;explore;sp;qy3;tb3;true;1769;4495
wcstf;776100;17;17;explore;sp;tr1;qg2;true;645;6103
wcstf;776100;18;18;explore;sp;cb4;ty3;true;470;6109
wcstf;776100;19;19;explore;sp;qy3;cb2;false;446;2441
wcstf;776100;20;20;explore;sp;tr1;tg2;false;1117;7579
wcstf;776100;21;21;explore;sp;sg2;qg4;false;659;4449
wcstf;776100;22;22;explore;sp;qy3;cb1;true;675;4176
wcstf;776100;23;23;explore;sp;qy3;sb1;false;581;2257
wcstf;776100;24;24;explore;sp;tr1;cg1;false;708;4266
wcstf;776100;25;25;explore;sp;sg2;cr3;false;1021;2909
wcstf;776100;26;26;explore;sp;cb4;sy3;false;1132;3442
wcstf;776100;27;27;explore;sp;sg2;sr3;false;894;5382
wcstf;776100;28;28;explore;sp;cb4;sg1;false;494;2716
wcstf;776100;29;29;explore;sp;qy3;qb1;true;872;3342
wcstf;776100;30;30;explore;sp;tr1;tr3;true;902;7146
wcstf;776100;31;31;explore;sp;sg2;sb3;false;1059;3768
wcstf;776100;32;32;explore;sp;sg2;ty2;false;1838;5666
wcstf;776100;33;33;explore;sp;tr1;sr2;false;446;4211
wcstf;776100;34;34;explore;sp;cb4;qy4;false;2511;13799
wcstf;776100;35;35;explore;sp;cb4;qy1;false;524;14394
wcstf;776100;36;36;explore;sp;qy3;cy3;true;836;4209
wcstf;776100;37;37;explore;sp;qy3;sb2;false;3171;12806
wcstf;776100;38;38;explore;sp;tr1;cr2;false;1208;12410
wcstf;776100;39;39;explore;sp;tr1;tr2;false;1267;3039
wcstf;776100;40;40;explore;sp;tr1;cb3;false;525;2604
wcstf;776100;41;41;explore;sp;tr1;cy4;false;604;2379
wcstf;776100;42;42;explore;sp;tr1;qb4;false;687;2168
wcstf;776100;43;43;explore;sp;tr1;qr2;false;775;2237
wcstf;776100;44;44;explore;sp;tr1;cr4;false;781;2221
wcstf;776100;45;45;explore;sp;tr1;sr4;false;1313;2716
wcstf;776100;46;46;explore;sp;qy3;ty4;true;437;1767
wcstf;776100;47;47;explore;sp;div3;tg1;false;503;1803
wcstf;776100;48;48;explore;sp;qy3;sy1;true;401;2645
wcstf;776100;49;49;explore;sp;qy3;qy2;false;395;2396
wcstf;776100;50;50;explore;sp;qy3;tr4;true;684;4148
wcstf;776100;51;51;explore;sp;qy3;sb4;false;659;2194
wcstf;776100;52;52;explore;sp;qy3;tb4;true;580;1991
wcstf;776100;53;53;explore;sp;qy3;cg2;false;710;1915
wcstf;776100;54;54;explore;sp;qy3;tg3;true;661;1998
wcstf;776100;55;55;explore;sp;qy3;tb1;false;669;1744
wcstf;776100;56;56;explore;sp;qy3;ty1;true;626;2507
wcstf;776100;57;57;explore;sp;cb4;sg3;false;662;2314
wcstf;776100;58;58;explore;sp;qy3;cg3;true;904;2127
wcstf;776100;59;59;explore;sp;sg2;qb2;false;268;1831
wcstf;776100;60;60;explore;sp;div3;qy2;false;717;2170
wcstf;776100;61;61;failed;sp;qy3;cr4;true;766;3081
wcstf;776100;62;1;explore;c;qy3;qy4;true;659;2325
wcstf;776100;63;2;explore;c;qy3;sb2;false;497;2125
wcstf;776100;64;3;explore;c;qy3;cg3;false;1229;2769
wcstf;776100;65;4;explore;c;qy3;sg4;false;756;2242
wcstf;776100;66;5;explore;c;qy3;qr2;false;672;2217
wcstf;776100;67;6;explore;c;qy3;cr3;false;595;2573
wcstf;776100;68;7;explore;c;cb4;sr1;false;590;1981
wcstf;776100;69;8;explore;c;cb4;cb3;true;383;1828
wcstf;776100;70;9;explore;c;cb4;tg1;false;671;3385
wcstf;776100;71;10;explore;c;cb4;cy2;false;1335;6616
wcstf;776100;72;11;explore;c;cb4;sr3;false;507;2321
wcstf;776100;73;12;explore;c;cb4;qg3;false;568;3658
wcstf;776100;74;13;explore;c;cb4;qg4;false;704;1973
wcstf;776100;75;14;explore;c;cb4;qb1;true;724;3035
wcstf;776100;76;15;explore;c;qy3;tb1;false;944;9097
wcstf;776100;77;16;explore;c;cb4;sr4;false;366;2404
wcstf;776100;78;17;explore;c;div2;cb2;false;271;1708
wcstf;776100;79;18;explore;c;tr1;tg3;false;872;2704
wcstf;776100;80;19;explore;c;tr1;tb3;false;512;1891
wcstf;776100;81;20;explore;c;cb4;sb1;true;622;5135
wcstf;776100;82;21;explore;c;cb4;sb4;true;654;2764
wcstf;776100;83;22;explore;c;cb4;tb4;true;579;1961
wcstf;776100;84;23;explore;c;cb4;qy1;false;537;2525
wcstf;776100;85;24;explore;c;tr1;sg1;false;372;3797
wcstf;776100;86;25;explore;c;sg2;qg2;true;653;2331
wcstf;776100;87;26;explore;c;tr1;cr1;true;538;5724
wcstf;776100;88;27;explore;c;sg2;tg2;true;523;2237
wcstf;776100;89;28;explore;c;qy3;ty3;true;652;2114
wcstf;776100;90;29;explore;c;cb4;qr4;false;731;2248
wcstf;776100;91;30;explore;c;cb4;qb4;true;485;2338
wcstf;776100;92;31;failed;c;qy3;sy3;true;711;7273
wcstf;776100;93;1;explore;n;sg2;tr2;true;488;2211
wcstf;776100;94;2;explore;n;qy3;sg3;true;604;2280
wcstf;776100;95;3;explore;n;sg2;cg2;true;815;2440
wcstf;776100;96;4;explore;n;cb4;cg4;true;682;2067
wcstf;776100;97;5;explore;n;qy3;qr3;true;525;2106
wcstf;776100;98;6;explore;n;tr1;cy1;true;730;1954
wcstf;776100;99;7;success;n;tr1;ty1;true;704;2107
wcstf;776100;100;1;explore;s;sg2;sr2;true;625;1834
wcstf;776100;101;2;explore;s;qy3;sb3;false;644;1641
wcstf;776100;102;3;explore;s;cb4;cy4;true;760;2879
wcstf;776100;103;4;explore;s;sg2;ty2;false;631;2039
wcstf;776100;104;5;explore;s;cb4;sy4;false;714;5367
wcstf;776100;105;6;explore;s;cb4;ty4;false;1109;2614
wcstf;776100;106;7;explore;s;div1;cg1;false;618;2159
wcstf;776100;107;8;explore;s;tr1;sy1;false;723;2222
wcstf;776100;108;9;explore;s;cb4;tg4;false;811;2223
wcstf;776100;109;10;explore;s;qy3;qb3;true;446;1883
wcstf;776100;110;11;explore;s;sg2;qb2;false;666;3013
wcstf;776100;111;12;explore;s;div3;tr3;false;374;2159
wcstf;776100;112;13;explore;s;div3;qr1;false;835;2513
wcstf;776100;113;14;explore;s;tr1;tr4;true;1494;2677
wcstf;776100;114;15;explore;s;cb4;cr2;true;1992;6087
wcstf;776100;115;16;explore;s;sg2;sy2;true;689;3269
wcstf;776100;116;17;explore;s;tr1;tb2;true;1131;3042
wcstf;776100;117;18;explore;s;qy3;qg1;true;685;2470
wcstf;776100;118;19;explore;s;cb4;cy3;true;533;2446
wcstf;776100;119;20;explore;s;sg2;sy1;true;651;2482
wcstf;776100;120;21;success;s;tr1;tr2;true;562;2473
wcstf;958461;1;1;explore;sp;qy3;qb3;true;1246;2454
wcstf;958461;2;2;explore;sp;tr1;tg1;true;804;2201
wcstf;958461;3;3;explore;sp;qy3;qy4;false;728;1981
wcstf;958461;4;4;explore;sp;cb4;cg3;false;1136;2782
wcstf;958461;5;5;explore;sp;qy3;qg3;true;724;1938
wcstf;958461;6;6;explore;sp;qy3;qr4;false;667;2378
wcstf;958461;7;7;explore;sp;cb4;qb4;false;1333;2459
wcstf;958461;8;8;explore;sp;qy3;qr3;true;676;2093
wcstf;958461;9;9;explore;sp;qy3;qy2;false;589;1794
wcstf;958461;10;10;explore;sp;cb4;cg4;false;495;1952
wcstf;958461;11;11;explore;sp;sg2;sg4;false;1002;2308
wcstf;958461;12;12;explore;sp;sg2;sb1;false;1116;2429
wcstf;958461;13;13;explore;sp;cb4;tb4;false;613;2308
wcstf;958461;14;14;explore;sp;qy3;sg3;true;1636;3364
wcstf;958461;15;15;explore;sp;qy3;tb3;false;883;2102
wcstf;958461;16;16;explore;sp;tr1;tr2;false;835;3092
wcstf;958461;17;17;explore;sp;qy3;sy4;true;740;2301
wcstf;958461;18;18;explore;sp;qy3;ty3;false;724;2617
wcstf;958461;19;19;explore;sp;sg2;tg4;false;874;3705
wcstf;958461;20;20;explore;sp;qy3;qg1;true;597;2072
wcstf;958461;21;21;explore;sp;qy3;qr2;false;750;2246
wcstf;958461;22;22;explore;sp;tr1;sr4;false;1623;3002
wcstf;958461;23;23;explore;sp;cb4;cy4;false;438;1880
wcstf;958461;24;24;explore;sp;qy3;ty2;true;772;2341
wcstf;958461;25;25;explore;sp;tr1;tr4;true;819;3041
wcstf;958461;26;26;explore;sp;qy3;sy2;false;639;1876
wcstf;958461;27;27;explore;sp;sg2;qg2;false;684;2896
wcstf;958461;28;28;explore;sp;qy3;cy3;true;747;2295
wcstf;958461;29;29;explore;sp;qy3;qg4;false;677;5860
wcstf;958461;30;30;explore;sp;qy3;sr3;true;758;2652
wcstf;958461;31;31;explore;sp;qy3;ty1;false;680;3216
wcstf;958461;32;32;explore;sp;qy3;cr3;true;771;2546
wcstf;958461;33;33;explore;sp;sg2;sg1;false;542;2112
wcstf;958461;34;34;explore;sp;sg2;sy1;false;762;2578
wcstf;958461;35;35;explore;sp;qy3;sb3;true;597;2049
wcstf;958461;36;36;explore;sp;tr1;cy1;true;652;2308
wcstf;958461;37;37;explore;sp;tr1;qb1;false;676;2292
wcstf;958461;38;38;explore;sp;qy3;cb3;true;676;2723
wcstf;958461;39;39;explore;sp;cb4;ty4;false;683;1894
wcstf;958461;40;40;explore;sp;qy3;tg3;true;645;2724
wcstf;958461;41;41;explore;sp;sg2;cy2;false;788;2395
wcstf;958461;42;42;explore;sp;tr1;qr1;false;859;2445
wcstf;958461;43;43;explore;sp;sg2;cb2;false;1136;3473
wcstf;958461;44;44;explore;sp;tr1;tg2;false;1441;2667
wcstf;958461;45;45;explore;sp;cb4;cb1;false;1263;2712
wcstf;958461;46;46;explore;sp;cb4;sb4;false;756;1979
wcstf;958461;47;47;explore;sp;sg2;cg1;false;875;2317
wcstf;958461;48;48;explore;sp;qy3;sr1;true;454;1832
wcstf;958461;49;49;explore;sp;qy3;tb2;false;565;1522
wcstf;958461;50;50;explore;sp;qy3;cr2;true;556;1507
wcstf;958461;51;51;explore;sp;qy3;sy3;false;812;2262
wcstf;958461;52;52;explore;sp;qy3;tr3;true;795;2609
wcstf;958461;53;53;explore;sp;qy3;qb2;false;611;2030
wcstf;958461;54;54;explore;sp;tr1;cr1;false;1121;2485
wcstf;958461;55;55;explore;sp;sg2;sb2;false;398;1927
wcstf;958461;56;56;explore;sp;tr1;sr2;false;563;1634
wcstf;958461;57;57;explore;sp;cb4;cr4;false;606;1666
wcstf;958461;58;58;explore;sp;qy3;cg2;true;1042;2100
wcstf;958461;59;59;explore;sp;tr1;qy1;true;1786;3246
wcstf;958461;60;60;explore;sp;qy3;sr4;false;850;2635
wcstf;958461;61;61;failed;sp;qy3;tg4;true;2201;4754
wcstf;958461;62;1;explore;n;qy3;sr3;true;488;3296
wcstf;958461;63;2;explore;n;tr1;qr3;false;954;2648
wcstf;958461;64;3;explore;n;qy3;sb2;false;1520;2876
wcstf;958461;65;4;explore;n;qy3;qy4;false;742;1935
wcstf;958461;66;5;explore;n;qy3;sy3;true;598;1872
wcstf;958461;67;6;explore;n;tr1;sy2;false;2407;3967
wcstf;958461;68;7;explore;n;qy3;qy2;false;526;2300
wcstf;958461;69;8;explore;n;qy3;qr1;false;510;1659
wcstf;958461;70;9;explore;n;qy3;qb4;false;493;1552
wcstf;958461;71;10;explore;n;qy3;cr1;false;342;1443
wcstf;958461;72;11;explore;n;qy3;tr3;true;772;2006
wcstf;958461;73;12;explore;n;qy3;cg3;true;638;2159
wcstf;958461;74;13;explore;n;qy3;cy3;true;643;2172
wcstf;958461;75;14;explore;n;qy3;ty1;false;763;2365
wcstf;958461;76;15;explore;n;qy3;qr4;false;692;2594
wcstf;958461;77;16;explore;n;qy3;qg4;false;1152;2594
wcstf;958461;78;17;explore;n;qy3;ty4;false;360;1525
wcstf;958461;79;18;explore;n;qy3;sr1;false;438;1747
wcstf;958461;80;19;explore;n;cb4;sy1;false;1439;2633
wcstf;958461;81;20;explore;n;qy3;sg3;true;573;9486
wcstf;958461;82;21;explore;n;cb4;tg1;false;2249;4494
wcstf;958461;83;22;explore;n;qy3;qb3;true;606;2261
wcstf;958461;84;23;explore;n;cb4;qr2;false;627;2276
wcstf;958461;85;24;explore;n;sg2;sr2;true;669;14686
wcstf;958461;86;25;explore;n;tr1;cb1;true;3608;7668
wcstf;958461;87;26;explore;n;tr1;tb1;true;646;2295
wcstf;958461;88;27;explore;n;qy3;ty3;true;842;3556
wcstf;958461;89;28;explore;n;cb4;sb4;true;2033;3311
wcstf;958461;90;29;explore;n;qy3;cb3;true;670;2142
wcstf;958461;91;30;success;n;sg2;tb2;true;867;2167
wcstf;958461;92;1;explore;c;sg2;cg2;true;833;2067
wcstf;958461;93;2;explore;c;tr1;qg1;false;477;1755
wcstf;958461;94;3;explore;c;cb4;sg4;false;788;2660
wcstf;958461;95;4;explore;c;tr1;sg1;false;742;6408
wcstf;958461;96;5;explore;c;sg2;cy2;false;940;2680
wcstf;958461;97;6;explore;c;qy3;sy4;true;851;2933
wcstf;958461;98;7;explore;c;cb4;cy1;false;578;3866
wcstf;958461;99;8;explore;c;cb4;cr4;false;615;2392
wcstf;958461;100;9;explore;c;tr1;sb1;false;661;2241
wcstf;958461;101;10;explore;c;sg2;qg2;true;580;1804
wcstf;958461;102;11;explore;c;qy3;cr3;false;469;2226
wcstf;958461;103;12;explore;c;qy3;tg3;false;415;2361
wcstf;958461;104;13;explore;c;qy3;cg4;false;331;1553
wcstf;958461;105;14;explore;c;tr1;tr4;true;645;2382
wcstf;958461;106;15;explore;c;cb4;cg1;false;669;4044
wcstf;958461;107;16;explore;c;tr1;ty2;false;828;14824
wcstf;958461;108;17;explore;c;tr1;qg3;false;981;2671
wcstf;958461;109;18;explore;c;sg2;sb3;false;654;1931
wcstf;958461;110;19;explore;c;sg2;tg2;true;1584;3743
wcstf;958461;111;20;explore;c;qy3;qy1;true;670;10297
wcstf;958461;112;21;explore;c;sg2;cr2;false;1418;4406
wcstf;958461;113;22;explore;c;cb4;cb2;true;528;2180
wcstf;958461;114;23;explore;c;sg2;qb2;false;549;6065
wcstf;958461;115;24;explore;c;tr1;tb4;false;677;2759
wcstf;958461;116;25;explore;c;tr1;qb1;false;1314;3402
wcstf;958461;117;26;explore;c;tr1;tr2;true;1155;2392
wcstf;958461;118;27;explore;c;sg2;tb3;false;725;16191
wcstf;958461;119;28;explore;c;sg2;cb1;false;701;2919
wcstf;958461;120;29;explore;c;qy3;qg1;false;456;2116
wcstf;958461;121;30;explore;c;sg2;tg3;true;1657;4755
wcstf;958461;122;31;failed;c;qy3;cg4;false;1226;7467
wcstf;958461;123;1;explore;s;sg2;qb3;false;677;2679
wcstf;958461;124;2;explore;s;qy3;cr4;false;1068;3170
wcstf;958461;125;3;explore;s;tr1;tb2;true;637;2454
wcstf;958461;126;4;explore;s;cb4;ty1;false;765;3028
wcstf;958461;127;5;explore;s;qy3;tb1;false;399;1747
wcstf;958461;128;6;explore;s;sg2;tr3;false;685;2717
wcstf;958461;129;7;explore;s;sg2;cy4;false;550;2192
wcstf;958461;130;8;explore;s;sg2;qb4;false;597;1937
wcstf;958461;131;9;explore;s;sg2;sb2;true;550;1739
wcstf;958461;132;10;explore;s;qy3;tg1;false;1217;4954
wcstf;958461;133;11;explore;s;qy3;sb1;false;583;2003
wcstf;958461;134;12;explore;s;qy3;qg3;true;533;1484
wcstf;958461;135;13;explore;s;qy3;sb3;false;557;3691
wcstf;958461;136;14;explore;s;qy3;ty3;false;369;1629
wcstf;958461;137;15;explore;s;div4;tb4;false;590;2024
wcstf;958461;138;16;explore;s;cb4;tg4;false;534;1500
wcstf;958461;139;17;explore;s;qy3;qy4;true;329;1636
wcstf;958461;140;18;explore;s;qy3;cg3;false;706;29715
wcstf;958461;141;19;explore;s;tr1;sy1;false;641;2738
wcstf;958461;142;20;explore;s;tr1;tg2;true;735;2363
wcstf;958461;143;21;explore;s;sg2;cg2;false;2505;6230
wcstf;958461;144;22;explore;s;tr1;qg2;false;573;2006
wcstf;958461;145;23;explore;s;tr1;qy1;false;423;2009
wcstf;958461;146;24;explore;s;tr1;sy3;false;592;2176
wcstf;958461;147;25;explore;s;tr1;qg4;false;495;1894
wcstf;958461;148;26;explore;s;tr1;tr2;true;504;3625
wcstf;958461;149;27;explore;s;tr1;cr1;false;824;6828
wcstf;958461;150;28;explore;s;qy3;tb3;false;568;2852
wcstf;958461;151;29;explore;s;tr1;qr2;false;470;2001
wcstf;958461;152;30;explore;s;sg2;cb2;false;375;2456
wcstf;958461;153;31;failed;s;cb4;qy2;false;488;1786
wcstc;232879;1;1;explore;s;qy3;tb3;false;1298;6437
wcstc;232879;3;3;explore;s;sg2;qy2;false;1039;3882
wcstc;232879;4;4;explore;s;tr1;ty1;true;1296;5345
wcstc;232879;5;5;explore;s;cb4;cb2;true;1051;3503
wcstc;232879;6;6;explore;s;sg2;sg4;true;995;2719
wcstc;232879;7;7;explore;s;cb4;cg2;true;1091;2559
wcstc;232879;8;8;explore;s;sg2;sr2;true;1320;2865
wcstc;232879;9;9;explore;s;qy3;qr1;true;1061;2561
wcstc;232879;10;10;success;s;sg2;sr1;true;1186;2480
wcstc;232879;11;1;explore;n;qy3;qr4;false;1085;2640
wcstc;232879;12;2;explore;n;cb4;cg3;false;2075;3472
wcstc;232879;13;3;explore;n;tr1;ty2;false;1130;3001
wcstc;232879;14;4;explore;n;qy3;qb2;false;2641;4630
wcstc;232879;15;5;explore;n;cb4;qb1;false;853;2326
wcstc;232879;16;6;explore;n;tr1;cb1;true;1141;4125
wcstc;232879;17;7;explore;n;cb4;ty4;true;961;2910
wcstc;232879;18;8;explore;n;qy3;qb3;true;894;2843
wcstc;232879;19;9;explore;n;qy3;cr3;true;2113;3798
wcstc;232879;20;10;explore;n;cb4;qg4;true;1051;2293
wcstc;232879;21;11;explore;n;sg2;tb2;true;1174;2460
wcstc;232879;22;12;explore;n;qy3;qr3;true;916;2270
wcstc;232879;23;13;success;n;cb4;cr4;true;1186;2517
wcstc;232879;24;1;explore;c;tr1;sg1;false;1770;3248
wcstc;232879;25;2;explore;c;qy3;cy4;true;1676;4193
wcstc;232879;26;3;explore;c;sg2;sy2;false;3774;5667
wcstc;232879;27;4;explore;c;sg2;qg2;true;1422;3946
wcstc;232879;28;5;explore;c;cb4;qb4;true;1625;2855
wcstc;232879;29;6;explore;c;qy3;cy2;true;2024;3349
wcstc;232879;30;7;explore;c;tr1;tr3;true;1991;3327
wcstc;232879;31;8;explore;c;cb4;sb2;true;1339;2831
wcstc;232879;32;9;explore;c;tr1;sr4;true;1602;2922
wcstc;232879;33;10;explore;c;sg2;tg2;true;1264;2503
wcstc;232879;34;11;explore;c;tr1;cr2;true;1404;3136
wcstc;232879;35;12;success;c;sg2;qg3;true;1331;3349
wcstc;232879;36;1;explore;sp;sg2;hm35;false;2011;11563
wcstc;232879;37;2;explore;sp;qy3;hm36;true;1017;2506
wcstc;232879;38;3;explore;sp;qy3;hm37;false;1332;4588
wcstc;232879;39;4;explore;sp;cb4;hm38;false;1528;3248
wcstc;232879;40;5;explore;sp;tr1;hm39;false;1219;3204
wcstc;232879;41;6;explore;sp;sg2;hm40;false;1125;2946
wcstc;232879;42;7;explore;sp;qy3;hm41;true;938;2765
wcstc;232879;43;8;explore;sp;qy3;hm42;false;753;3611
wcstc;232879;44;9;explore;sp;tr1;hm43;false;1208;5958
wcstc;232879;45;10;explore;sp;qy3;hm44;true;915;2765
wcstc;232879;46;11;explore;sp;cb4;hm45;false;708;5060
wcstc;232879;47;12;explore;sp;qy3;hm46;true;1197;2281
wcstc;232879;48;13;explore;sp;qy3;hm47;false;718;3180
wcstc;232879;49;14;explore;sp;cb4;hm48;false;686;2045
wcstc;232879;50;15;explore;sp;qy3;hm49;true;607;1607
wcstc;232879;51;16;explore;sp;cb4;hm50;false;618;2889
wcstc;232879;52;17;explore;sp;qy3;hm51;true;860;1821
wcstc;232879;53;18;explore;sp;cb4;hm52;false;1635;4036
wcstc;232879;54;19;explore;sp;qy3;hm53;true;1050;2551
wcstc;232879;55;20;explore;sp;cb4;hm54;false;1090;2618
wcstc;232879;56;21;explore;sp;qy3;hm55;true;899;1956
wcstc;232879;57;22;explore;sp;qy3;hm56;false;854;2707
wcstc;232879;58;23;explore;sp;sg2;hm57;false;1113;2631
wcstc;232879;59;24;explore;sp;qy3;hm58;true;938;2113
wcstc;232879;60;25;explore;sp;sg2;hm0;false;1395;2551
wcstc;232879;61;26;explore;sp;qy3;hm1;true;1608;2574
wcstc;232879;62;27;explore;sp;sg2;hm2;false;945;4453
wcstc;232879;63;28;explore;sp;qy3;hm3;true;939;2091
wcstc;232879;64;29;explore;sp;cb4;hm4;false;820;2550
wcstc;232879;65;30;explore;sp;qy3;hm5;true;949;2394
wcstc;232879;66;31;failed;sp;tr1;hm6;true;775;2381
wcstc;233019;1;1;explore;n;sg2;sb3;false;712;4990
wcstc;233019;2;2;explore;n;sg2;cg1;false;885;3895
wcstc;233019;3;3;explore;n;sg2;cb2;true;733;3172
wcstc;233019;4;4;explore;n;cb4;sr4;true;575;2316
wcstc;233019;5;5;explore;n;tr1;sb1;true;814;2137
wcstc;233019;6;6;explore;n;tr1;qg1;true;1203;3509
wcstc;233019;7;7;explore;n;sg2;qy2;true;606;1788
wcstc;233019;8;8;explore;n;cb4;cy4;true;760;1852
wcstc;233019;9;9;explore;n;qy3;tr3;true;742;2190
wcstc;233019;10;10;explore;n;tr1;cb1;true;790;1867
wcstc;233019;11;11;success;n;cb4;tb4;true;704;2243
wcstc;233019;12;1;explore;c;cb4;qr4;false;713;2153
wcstc;233019;13;2;explore;c;qy3;qg4;false;698;4847
wcstc;233019;14;3;explore;c;tr1;qr1;true;593;2091
wcstc;233019;15;4;explore;c;sg2;qg3;true;689;1881
wcstc;233019;16;5;explore;c;qy3;cy1;true;1025;2071
wcstc;233019;17;6;explore;c;tr1;sr1;true;642;2012
wcstc;233019;18;7;explore;c;qy3;ty4;true;1577;4193
wcstc;233019;19;8;explore;c;qy3;cy3;true;679;1707
wcstc;233019;20;9;success;c;tr1;cr3;true;877;1869
wcstc;233019;21;1;explore;s;qy3;sy1;false;1141;2306
wcstc;233019;22;2;explore;s;cb4;cr1;true;608;3781
wcstc;233019;23;3;explore;s;sg2;sy3;true;599;3330
wcstc;233019;24;4;explore;s;cb4;cg4;true;1390;4395
wcstc;233019;25;5;explore;s;sg2;sg3;true;579;1690
wcstc;233019;26;6;explore;s;qy3;qb1;true;1024;2059
wcstc;233019;27;7;explore;s;sg2;sb2;true;863;1942
wcstc;233019;28;8;explore;s;tr1;ty1;true;1034;2149
wcstc;233019;29;9;success;s;sg2;sb4;true;687;2326
wcstc;233019;30;1;explore;sp;tr1;hm29;false;727;4125
wcstc;233019;31;2;explore;sp;sg2;hm30;false;893;2114
wcstc;233019;32;3;explore;sp;qy3;hm31;true;681;1721
wcstc;233019;33;4;explore;sp;tr1;hm32;true;617;1972
wcstc;233019;34;5;explore;sp;sg2;hm33;false;773;1901
wcstc;233019;35;6;explore;sp;qy3;hm34;true;607;1641
wcstc;233019;36;7;explore;sp;tr1;hm35;true;688;1515
wcstc;233019;37;8;explore;sp;cb4;hm36;true;735;1696
wcstc;233019;38;9;explore;sp;sg2;hm37;true;633;1640
wcstc;233019;39;10;explore;sp;tr1;hm38;false;553;2002
wcstc;233019;40;11;explore;sp;qy3;hm39;true;561;3325
wcstc;233019;41;12;explore;sp;tr1;hm40;true;919;1812
wcstc;233019;42;13;explore;sp;sg2;hm41;false;844;1872
wcstc;233019;43;14;explore;sp;qy3;hm42;true;559;1445
wcstc;233019;44;15;explore;sp;tr1;hm43;true;857;1649
wcstc;233019;45;16;explore;sp;cb4;hm44;true;924;1860
wcstc;233019;46;17;explore;sp;sg2;hm45;true;806;1640
wcstc;233019;47;18;explore;sp;cb4;hm46;false;1600;3319
wcstc;233019;48;19;explore;sp;qy3;hm47;true;751;2283
wcstc;233019;49;20;explore;sp;tr1;hm48;true;780;1622
wcstc;233019;50;21;explore;sp;cb4;hm49;true;730;1518
wcstc;233019;51;22;explore;sp;sg2;hm50;true;762;1565
wcstc;233019;52;23;explore;sp;sg2;hm51;false;1018;2273
wcstc;233019;53;24;explore;sp;qy3;hm52;true;1051;7189
wcstc;233019;54;25;explore;sp;tr1;hm53;true;789;2905
wcstc;233019;55;26;explore;sp;cb4;hm54;true;569;3695
wcstc;233019;56;27;explore;sp;sg2;hm55;true;1293;2735
wcstc;233019;57;28;explore;sp;qy3;hm56;true;968;33567
wcstc;233019;58;29;explore;sp;tr1;hm57;true;783;1631
wcstc;233019;59;30;explore;sp;cb4;hm58;true;623;1478
wcstc;233019;60;31;failed;sp;sg2;hm0;true;798;1749
wcstc;295418;1;1;explore;s;cb4;sr4;false;618;2031
wcstc;295418;2;2;explore;s;sg2;qg2;false;2328;3474
wcstc;295418;3;3;explore;s;qy3;qr2;true;6652;7570
wcstc;295418;4;4;explore;s;qy3;qb4;true;413;2134
wcstc;295418;5;5;explore;s;qy3;qg4;true;458;1343
wcstc;295418;6;6;explore;s;sg2;sb4;true;1433;2572
wcstc;295418;7;7;explore;s;cb4;cy3;true;1206;2184
wcstc;295418;8;8;explore;s;sg2;sy1;true;1039;2250
wcstc;295418;9;9;explore;s;cb4;cy2;true;1877;3546
wcstc;295418;10;10;success;s;sg2;sb3;true;776;1802
wcstc;295418;11;1;explore;n;sg2;sg3;false;1093;2058
wcstc;295418;12;2;explore;n;cb4;cr3;false;1165;2288
wcstc;295418;13;3;explore;n;qy3;tr3;true;2125;3844
wcstc;295418;14;4;explore;n;qy3;tg3;true;660;1459
wcstc;295418;15;5;explore;n;cb4;cr4;true;943;2101
wcstc;295418;16;6;explore;n;cb4;cg4;true;705;1634
wcstc;295418;17;7;explore;n;cb4;sy4;true;599;1560
wcstc;295418;18;8;explore;n;qy3;sr3;true;551;1458
wcstc;295418;19;9;explore;n;qy3;qg1;false;2962;3877
wcstc;295418;20;10;explore;n;cb4;sg4;true;1616;2533
wcstc;295418;21;11;explore;n;sg2;sr2;true;855;1807
wcstc;295418;22;12;explore;n;qy3;ty3;true;495;1693
wcstc;295418;23;13;explore;n;qy3;qg3;true;708;1526
wcstc;295418;24;14;explore;n;qy3;tb3;true;1078;2266
wcstc;295418;25;15;explore;n;qy3;cb3;true;1230;2045
wcstc;295418;26;16;success;n;sg2;cr2;true;670;1623
wcstc;295418;27;1;explore;c;sg2;tr2;false;1120;2210
wcstc;295418;28;2;explore;c;tr1;cg1;false;1014;2051
wcstc;295418;29;3;explore;c;tr1;ty2;false;1021;2371
wcstc;295418;30;4;explore;c;qy3;qy4;true;505;1502
wcstc;295418;31;5;explore;c;qy3;qr4;false;718;2084
wcstc;295418;32;6;explore;c;tr1;tg1;false;1619;2970
wcstc;295418;33;7;explore;c;qy3;ty1;true;428;2526
wcstc;295418;34;8;explore;c;tr1;cr1;true;991;2146
wcstc;295418;35;9;explore;c;tr1;tr4;true;794;1904
wcstc;295418;36;10;explore;c;qy3;sy2;true;506;1488
wcstc;295418;37;11;explore;c;tr1;sr1;true;1040;1981
wcstc;295418;38;12;explore;c;qy3;ty4;true;477;1454
wcstc;295418;39;13;explore;c;qy3;qy1;true;632;1463
wcstc;295418;40;14;explore;c;cb4;tb4;true;597;2840
wcstc;295418;41;15;success;c;qy3;cy4;true;577;1436
wcstc;295418;42;1;explore;sp;sg2;hm41;false;969;4009
wcstc;295418;43;2;explore;sp;qy3;hm42;true;632;1479
wcstc;295418;44;3;explore;sp;qy3;hm43;false;542;1468
wcstc;295418;45;4;explore;sp;cb4;hm44;false;1925;2950
wcstc;295418;46;5;explore;sp;sg2;hm45;false;847;1799
wcstc;295418;47;6;explore;sp;tr1;hm46;false;958;2117
wcstc;295418;48;7;explore;sp;sg2;hm47;false;956;2908
wcstc;295418;49;8;explore;sp;qy3;hm48;true;546;1393
wcstc;295418;50;9;explore;sp;qy3;hm49;false;475;1471
wcstc;295418;51;10;explore;sp;qy3;hm50;true;440;1359
wcstc;295418;52;11;explore;sp;qy3;hm51;false;553;1590
wcstc;295418;53;12;explore;sp;qy3;hm52;true;447;1287
wcstc;295418;54;13;explore;sp;qy3;hm53;false;485;1353
wcstc;295418;55;14;explore;sp;qy3;hm54;true;639;1864
wcstc;295418;56;15;explore;sp;cb4;hm55;false;547;1529
wcstc;295418;57;16;explore;sp;cb4;hm56;false;608;1692
wcstc;295418;58;17;explore;sp;qy3;hm57;true;521;8109
wcstc;295418;59;18;explore;sp;tr1;hm58;true;863;3887
wcstc;295418;60;19;explore;sp;cb4;hm0;true;670;2720
wcstc;295418;61;20;explore;sp;sg2;hm1;true;966;2976
wcstc;295418;62;21;explore;sp;qy3;hm2;true;564;2894
wcstc;295418;63;22;explore;sp;tr1;hm3;true;620;1509
wcstc;295418;64;23;explore;sp;cb4;hm4;true;368;1369
wcstc;295418;65;24;explore;sp;sg2;hm5;true;448;1336
wcstc;295418;66;25;explore;sp;qy3;hm6;true;391;1525
wcstc;295418;67;26;explore;sp;tr1;hm7;true;1055;1962
wcstc;295418;68;27;explore;sp;cb4;hm8;true;394;1383
wcstc;295418;69;28;explore;sp;sg2;hm9;true;742;1569
wcstc;295418;70;29;explore;sp;qy3;hm10;true;122;987
wcstc;295418;71;30;explore;sp;div1;hm11;false;441;1874
wcstc;295418;72;31;failed;sp;cb4;hm12;false;536;1662
wcstc;992358;1;1;explore;s;sg2;cg3;false;1236;23167
wcstc;992358;2;2;explore;s;qy3;qr3;true;1064;10354
wcstc;992358;3;3;explore;s;cb4;sb4;false;1548;5179
wcstc;992358;4;4;explore;s;tr1;tb3;true;2560;4458
wcstc;992358;5;5;explore;s;sg2;sg3;true;890;7680
wcstc;992358;6;6;explore;s;sg2;sb1;true;1107;3155
wcstc;992358;7;7;explore;s;sg2;sg1;true;1127;2440
wcstc;992358;8;8;explore;s;tr1;tg2;true;1111;2419
wcstc;992358;9;9;explore;s;sg2;sb3;true;805;2180
wcstc;992358;10;10;explore;s;sg2;sy4;true;807;3208
wcstc;992358;11;11;explore;s;qy3;qb2;true;753;1984
wcstc;992358;12;12;success;s;cb4;cy1;true;799;2340
wcstc;992358;13;1;explore;c;cb4;cy2;false;1080;2428
wcstc;992358;14;2;explore;c;tr1;tr4;true;1013;3401
wcstc;992358;15;3;explore;c;tr1;tr3;true;1567;3147
wcstc;992358;16;4;explore;c;sg2;sr4;false;890;2242
wcstc;992358;17;5;explore;c;cb4;cr2;false;992;3517
wcstc;992358;18;6;explore;c;qy3;qb3;false;5687;10949
wcstc;992358;19;7;explore;c;qy3;qy1;true;1342;3604
wcstc;992358;20;8;explore;c;tr1;tb4;false;1800;3783
wcstc;992358;21;9;explore;c;cb4;cy4;false;1659;3693
wcstc;992358;22;10;explore;c;sg2;sy1;false;917;2533
wcstc;992358;23;11;explore;c;qy3;qg4;false;825;2555
wcstc;992358;24;12;explore;c;tr1;ty3;false;754;2212
wcstc;992358;25;13;explore;c;sg2;sr3;false;2231;4984
wcstc;992358;26;14;explore;c;qy3;cb3;false;2010;3619
wcstc;992358;27;15;explore;c;sg2;sr2;false;1187;2527
wcstc;992358;28;16;explore;c;sg2;cg2;true;999;2138
wcstc;992358;29;17;explore;c;cb4;qb4;true;1931;5455
wcstc;992358;30;18;explore;c;tr1;cg1;false;1435;3958
wcstc;992358;31;19;explore;c;qy3;cr3;false;822;2311
wcstc;992358;32;20;explore;c;sg2;qr2;false;1202;2749
wcstc;992358;33;21;explore;c;cb4;cb1;true;1256;2248
wcstc;992358;34;22;explore;c;tr1;ty1;false;745;3054
wcstc;992358;35;23;explore;c;qy3;qr1;false;1327;3627
wcstc;992358;36;24;explore;c;qy3;qg2;false;1159;2378
wcstc;992358;37;25;explore;c;sg2;sg4;true;1007;2508
wcstc;992358;38;26;explore;c;tr1;tg3;false;795;1976
wcstc;992358;39;27;explore;c;sg2;qg1;true;1351;2498
wcstc;992358;40;28;explore;c;qy3;qy4;true;1876;3361
wcstc;992358;41;29;explore;c;sg2;qg3;true;1374;2909
wcstc;992358;42;30;explore;c;tr1;qr4;true;3413;4702
wcstc;992358;43;31;failed;c;sg2;sr1;false;1382;2497
wcstc;992358;44;1;explore;n;sg2;sb2;true;991;2267
wcstc;992358;45;2;explore;n;qy3;qb1;false;1258;3574
wcstc;992358;46;3;explore;n;tr1;ty2;false;901;2816
wcstc;992358;47;4;explore;n;sg2;cg4;false;2245;3444
wcstc;992358;48;5;explore;n;tr1;ty4;false;1044;2203
wcstc;992358;49;6;explore;n;div1;tb1;false;1366;2477
wcstc;992358;50;7;explore;n;qy3;cy3;true;692;1916
wcstc;992358;51;8;explore;n;qy3;qy2;false;671;1820
wcstc;992358;52;9;explore;n;cb4;cb2;false;933;2028
wcstc;992358;53;10;explore;n;sg2;sy2;true;659;1872
wcstc;992358;54;11;explore;n;tr1;tr2;false;834;1985
wcstc;992358;55;12;explore;n;sg2;sy3;false;592;1801
wcstc;992358;56;13;explore;n;tr1;cr1;true;985;2991
wcstc;992358;57;14;explore;n;tr1;tg1;true;1798;3721
wcstc;992358;58;15;explore;n;cb4;cr4;true;1601;3564
wcstc;992358;59;16;explore;n;tr1;tg4;false;1847;3580
wcstc;992358;60;17;explore;n;tr1;tb3;false;4837;6352
wcstc;992358;61;18;explore;n;sg2;sr1;false;1213;3324
wcstc;992358;62;19;explore;n;qy3;qb4;false;1306;3044
wcstc;992358;63;20;explore;n;qy3;qy1;false;621;1977
wcstc;992358;64;21;explore;n;sg2;sg1;false;736;2065
wcstc;992358;65;22;explore;n;sg2;sg4;false;1077;2091
wcstc;992358;66;23;explore;n;qy3;qy4;false;643;2275
wcstc;992358;67;24;explore;n;sg2;sy1;false;1781;3006
wcstc;992358;68;25;explore;n;tr1;tg1;true;1152;2525
wcstc;992358;69;26;explore;n;tr1;sb1;true;1792;27471
wcstc;992358;70;27;explore;n;sg2;cy2;true;5097;13560
wcstc;992358;71;28;explore;n;sg2;qy2;true;4028;19788
wcstc;992358;72;29;explore;n;sg2;cb2;true;1270;3310
wcstc;992358;73;30;explore;n;tr1;cb1;true;945;9379
wcstc;992358;74;31;failed;n;cb4;qr4;true;3788;5102
wcstc;992358;75;1;explore;sp;cb4;hm15;false;1181;11631
wcstc;992358;76;2;explore;sp;qy3;hm16;true;1297;5892
wcstc;992358;77;3;explore;sp;qy3;hm17;false;1933;16550
wcstc;992358;78;4;explore;sp;tr1;hm18;false;6590;9152
wcstc;992358;79;5;explore;sp;cb4;hm19;false;1449;2902
wcstc;992358;80;6;explore;sp;qy3;hm20;true;855;1753
wcstc;992358;81;7;explore;sp;qy3;hm21;false;556;1686
wcstc;992358;82;8;explore;sp;sg2;hm22;false;763;1593
wcstc;992358;83;9;explore;sp;tr1;hm23;false;731;1566
wcstc;992358;84;10;explore;sp;sg2;hm24;false;718;1452
wcstc;992358;85;11;explore;sp;qy3;hm25;true;590;1527
wcstc;992358;86;12;explore;sp;cb4;hm26;false;679;1602
wcstc;992358;87;13;explore;sp;sg2;hm27;false;1046;2169
wcstc;992358;88;14;explore;sp;qy3;hm28;true;1472;4131
wcstc;992358;89;15;explore;sp;sg2;hm29;false;1592;2702
wcstc;992358;90;16;explore;sp;qy3;hm30;true;1394;2571
wcstc;992358;91;17;explore;sp;tr1;hm31;true;1310;2282
wcstc;992358;92;18;explore;sp;sg2;hm32;false;2122;3351
wcstc;992358;93;19;explore;sp;qy3;hm33;true;718;1771
wcstc;992358;94;20;explore;sp;tr1;hm34;true;971;2460
wcstc;992358;95;21;explore;sp;cb4;hm35;true;903;1588
wcstc;992358;96;22;explore;sp;sg2;hm36;true;2197;3360
wcstc;992358;97;23;explore;sp;qy3;hm37;true;1246;4537
wcstc;992358;98;24;explore;sp;tr1;hm38;true;2082;3443
wcstc;992358;99;25;explore;sp;cb4;hm39;true;1464;3534
wcstc;992358;100;26;explore;sp;sg2;hm40;true;2324;9532
wcstc;992358;101;27;explore;sp;qy3;hm41;true;917;2037
wcstc;992358;102;28;explore;sp;tr1;hm42;true;874;2190
wcstc;992358;103;29;explore;sp;cb4;hm43;true;941;1988
wcstc;992358;104;30;explore;sp;sg2;hm44;true;1140;2154
wcstc;992358;105;31;failed;sp;qy3;hm45;true;873;1788
wcstfc;500849;1;1;explore;sp;cb4;hm0;false;662;19009
wcstfc;500849;2;2;explore;sp;qy3;hm1;true;417;2491
wcstfc;500849;3;3;explore;sp;qy3;hm2;false;461;11412
wcstfc;500849;4;4;explore;sp;sg2;hm3;false;821;2284
wcstfc;500849;5;5;explore;sp;tr1;hm4;false;609;1761
wcstfc;500849;6;6;explore;sp;cb4;hm5;false;289;1609
wcstfc;500849;7;7;explore;sp;qy3;hm6;true;438;6421
wcstfc;500849;8;8;explore;sp;qy3;hm7;false;1318;4312
wcstfc;500849;9;9;explore;sp;cb4;hm8;false;1053;2381
wcstfc;500849;10;10;explore;sp;sg2;hm9;false;878;2520
wcstfc;500849;11;11;explore;sp;tr1;hm10;false;991;1948
wcstfc;500849;12;12;explore;sp;sg2;hm11;false;772;1978
wcstfc;500849;13;13;explore;sp;qy3;hm12;true;567;1548
wcstfc;500849;14;14;explore;sp;sg2;hm13;false;1672;70554
wcstfc;500849;15;15;explore;sp;qy3;hm14;true;948;1825
wcstfc;500849;16;16;explore;sp;qy3;hm15;false;820;2351
wcstfc;500849;17;17;explore;sp;sg2;hm16;false;692;1713
wcstfc;500849;18;18;explore;sp;qy3;hm17;true;415;972
wcstfc;500849;19;19;explore;sp;cb4;hm18;false;691;1626
wcstfc;500849;20;20;explore;sp;qy3;hm19;true;603;1837
wcstfc;500849;21;21;explore;sp;sg2;hm20;false;985;10896
wcstfc;500849;22;22;explore;sp;qy3;hm21;true;653;1433
wcstfc;500849;23;23;explore;sp;tr1;hm22;true;899;1925
wcstfc;500849;24;24;explore;sp;sg2;hm23;false;651;2418
wcstfc;500849;25;25;explore;sp;tr1;hm24;false;623;1297
wcstfc;500849;26;26;explore;sp;qy3;hm25;true;733;1743
wcstfc;500849;27;27;explore;sp;sg2;hm26;false;699;1483
wcstfc;500849;28;28;explore;sp;qy3;hm27;true;455;1208
wcstfc;500849;29;29;explore;sp;qy3;hm28;false;780;1838
wcstfc;500849;30;30;explore;sp;qy3;hm29;true;423;1000
wcstfc;500849;31;31;explore;sp;qy3;hm30;false;786;1397
wcstfc;500849;32;32;explore;sp;qy3;hm31;true;720;1249
wcstfc;500849;33;33;explore;sp;qy3;hm32;false;1193;1842
wcstfc;500849;34;34;explore;sp;qy3;hm33;true;913;1960
wcstfc;500849;35;35;explore;sp;qy3;hm34;false;749;1598
wcstfc;500849;36;36;explore;sp;qy3;hm35;true;690;1490
wcstfc;500849;37;37;explore;sp;qy3;hm36;false;629;1334
wcstfc;500849;38;38;explore;sp;qy3;hm37;true;599;1261
wcstfc;500849;39;39;explore;sp;qy3;hm38;false;548;1202
wcstfc;500849;40;40;explore;sp;qy3;hm39;true;445;1105
wcstfc;500849;41;41;explore;sp;qy3;hm40;false;1083;1997
wcstfc;500849;42;42;explore;sp;qy3;hm41;true;843;1625
wcstfc;500849;43;43;explore;sp;qy3;hm42;false;484;1112
wcstfc;500849;44;44;explore;sp;qy3;hm43;true;412;1015
wcstfc;500849;45;45;explore;sp;qy3;hm44;false;780;1415
wcstfc;500849;46;46;explore;sp;qy3;hm45;true;591;1252
wcstfc;500849;47;47;explore;sp;qy3;hm46;false;643;1525
wcstfc;500849;48;48;explore;sp;qy3;hm47;true;714;1378
wcstfc;500849;49;49;explore;sp;qy3;hm48;false;632;1249
wcstfc;500849;50;50;explore;sp;qy3;hm49;true;541;1170
wcstfc;500849;51;51;explore;sp;qy3;hm50;false;487;1103
wcstfc;500849;52;52;explore;sp;qy3;hm51;true;523;1227
wcstfc;500849;53;53;explore;sp;qy3;hm52;false;558;1268
wcstfc;500849;54;54;explore;sp;qy3;hm53;true;591;1439
wcstfc;500849;55;55;explore;sp;div3;hm54;false;525;1229
wcstfc;500849;56;56;explore;sp;qy3;hm55;true;521;1131
wcstfc;500849;57;57;explore;sp;qy3;hm56;false;357;864
wcstfc;500849;58;58;explore;sp;qy3;hm57;true;383;980
wcstfc;500849;59;59;explore;sp;qy3;hm58;false;293;845
wcstfc;500849;60;60;explore;sp;qy3;hm0;true;308;982
wcstfc;500849;61;61;failed;sp;cb4;hm1;false;315;1012
wcstfc;500849;62;1;explore;n;tr1;sb1;true;1490;2539
wcstfc;500849;63;2;explore;n;qy3;cy1;false;589;2129
wcstfc;500849;64;3;explore;n;cb4;cg4;true;519;1746
wcstfc;500849;65;4;explore;n;sg2;sr3;false;991;2060
wcstfc;500849;66;5;explore;n;sg2;tb2;true;498;2099
wcstfc;500849;67;6;explore;n;cb4;cy4;true;484;1778
wcstfc;500849;68;7;explore;n;sg2;ty2;true;478;1957
wcstfc;500849;69;8;explore;n;tr1;qr1;true;503;1468
wcstfc;500849;70;9;explore;n;qy3;cb3;true;547;1547
wcstfc;500849;71;10;explore;n;cb4;qy4;true;605;1484
wcstfc;500849;72;11;explore;n;tr1;cr1;true;527;1396
wcstfc;500849;73;12;explore;n;tr1;qy1;true;705;1773
wcstfc;500849;74;13;success;n;qy3;tr3;true;652;1706
wcstfc;500849;75;1;explore;s;cb4;sr4;false;549;1540
wcstfc;500849;76;2;explore;s;sg2;qy2;false;632;2016
wcstfc;500849;77;3;explore;s;sg2;qg2;false;1246;2793
wcstfc;500849;78;4;explore;s;tr1;sg1;false;357;1412
wcstfc;500849;79;5;explore;s;sg2;cg3;false;293;2750
wcstfc;500849;80;6;explore;s;qy3;qb4;true;252;4397
wcstfc;500849;81;7;explore;s;cb4;cb2;true;272;2421
wcstfc;500849;82;8;explore;s;sg2;tg4;false;545;2507
wcstfc;500849;83;9;explore;s;sg2;qb2;false;397;1635
wcstfc;500849;84;10;explore;s;sg2;tg2;false;356;1368
wcstfc;500849;85;11;explore;s;qy3;sy3;false;335;1250
wcstfc;500849;86;12;explore;s;tr1;tb1;true;332;1417
wcstfc;500849;87;13;explore;s;tr1;qg1;false;400;2155
wcstfc;500849;88;14;explore;s;qy3;qg3;true;250;3243
wcstfc;500849;89;15;explore;s;cb4;sy4;false;329;2041
wcstfc;500849;90;16;explore;s;tr1;qr2;false;292;2220
wcstfc;500849;91;17;explore;s;sg2;sr1;true;904;2431
wcstfc;500849;92;18;explore;s;qy3;sy1;false;442;1738
wcstfc;500849;93;19;explore;s;cb4;cy2;true;314;2179
wcstfc;500849;94;20;explore;s;cb4;cr3;true;1232;2591
wcstfc;500849;95;21;explore;s;tr1;tr2;true;418;1929
wcstfc;500849;96;22;explore;s;tr1;tb4;true;269;2009
wcstfc;500849;97;23;explore;s;sg2;sb4;true;252;1725
wcstfc;500849;98;24;explore;s;cb4;cy3;true;367;1743
wcstfc;500849;99;25;success;s;tr1;ty4;true;528;2385
wcstfc;500849;100;1;explore;c;cb4;cr4;false;351;1516
wcstfc;500849;101;2;explore;c;sg2;sy2;false;500;3407
wcstfc;500849;102;3;explore;c;cb4;sb3;true;419;5152
wcstfc;500849;103;4;explore;c;div2;tg3;false;342;2770
wcstfc;500849;104;5;explore;c;tr1;cr2;true;380;2147
wcstfc;500849;105;6;explore;c;sg2;qg4;true;434;1767
wcstfc;500849;106;7;explore;c;tr1;tr4;true;547;1770
wcstfc;500849;107;8;explore;c;tr1;sr2;true;353;1683
wcstfc;500849;108;9;explore;c;sg2;cg2;true;293;1618
wcstfc;500849;109;10;explore;c;cb4;cb1;true;421;1586
wcstfc;500849;110;11;explore;c;qy3;ty3;true;330;1316
wcstfc;480024;1;1;explore;sp;sg2;hm0;false;630;2084
wcstfc;480024;2;2;explore;sp;qy3;hm1;true;368;1038
wcstfc;480024;3;3;explore;sp;cb4;hm2;false;409;1006
wcstfc;480024;4;4;explore;sp;cb4;hm3;false;510;1278
wcstfc;480024;5;5;explore;sp;cb4;hm4;false;340;962
wcstfc;480024;6;6;explore;sp;cb4;hm5;false;346;1036
wcstfc;480024;7;7;explore;sp;cb4;hm6;false;370;998
wcstfc;480024;8;8;explore;sp;cb4;hm7;false;526;1050
wcstfc;480024;9;9;explore;sp;cb4;hm8;false;459;1113
wcstfc;480024;10;10;explore;sp;cb4;hm9;false;830;1537
wcstfc;480024;11;11;explore;sp;sg2;hm10;false;597;1251
wcstfc;480024;12;12;explore;sp;tr1;hm11;false;367;985
wcstfc;480024;13;13;explore;sp;tr1;hm12;false;441;1007
wcstfc;480024;14;14;explore;sp;tr1;hm13;false;720;1271
wcstfc;480024;15;15;explore;sp;tr1;hm14;false;478;1354
wcstfc;480024;16;16;explore;sp;tr1;hm15;false;486;1230
wcstfc;480024;17;17;explore;sp;tr1;hm16;false;393;1129
wcstfc;480024;18;18;explore;sp;tr1;hm17;false;419;1033
wcstfc;480024;19;19;explore;sp;tr1;hm18;false;436;1089
wcstfc;480024;20;20;explore;sp;sg2;hm19;false;374;1031
wcstfc;480024;21;21;explore;sp;sg2;hm20;false;925;1563
wcstfc;480024;22;22;explore;sp;sg2;hm21;false;419;1352
wcstfc;480024;23;23;explore;sp;sg2;hm22;false;343;951
wcstfc;480024;24;24;explore;sp;sg2;hm23;false;413;964
wcstfc;480024;25;25;explore;sp;sg2;hm24;false;405;1015
wcstfc;480024;26;26;explore;sp;sg2;hm25;false;436;965
wcstfc;480024;27;27;explore;sp;sg2;hm26;false;358;945
wcstfc;480024;28;28;explore;sp;sg2;hm27;false;399;945
wcstfc;480024;29;29;explore;sp;qy3;hm28;true;409;1040
wcstfc;480024;30;30;explore;sp;qy3;hm29;false;636;2532
wcstfc;480024;31;31;explore;sp;qy3;hm30;true;406;997
wcstfc;480024;32;32;explore;sp;sg2;hm31;false;412;991
wcstfc;480024;33;33;explore;sp;qy3;hm32;true;480;991
wcstfc;480024;34;34;explore;sp;qy3;hm33;false;456;920
wcstfc;480024;35;35;explore;sp;qy3;hm34;true;440;950
wcstfc;480024;36;36;explore;sp;qy3;hm35;false;511;1036
wcstfc;480024;37;37;explore;sp;qy3;hm36;true;529;1124
wcstfc;480024;38;38;explore;sp;qy3;hm37;false;409;1014
wcstfc;480024;39;39;explore;sp;qy3;hm38;true;426;982
wcstfc;480024;40;40;explore;sp;cb4;hm39;false;443;1021
wcstfc;480024;41;41;explore;sp;qy3;hm40;true;318;1769
wcstfc;480024;42;42;explore;sp;sg2;hm41;false;482;1107
wcstfc;480024;43;43;explore;sp;qy3;hm42;true;530;1152
wcstfc;480024;44;44;explore;sp;tr1;hm43;true;428;1062
wcstfc;480024;45;45;explore;sp;qy3;hm44;false;448;1195
wcstfc;480024;46;46;explore;sp;tr1;hm45;false;538;1197
wcstfc;480024;47;47;explore;sp;tr1;hm46;false;607;1562
wcstfc;480024;48;48;explore;sp;tr1;hm47;false;763;1305
wcstfc;480024;49;49;explore;sp;qy3;hm48;true;415;1022
wcstfc;480024;50;50;explore;sp;qy3;hm49;false;458;1275
wcstfc;480024;51;51;explore;sp;qy3;hm50;true;401;947
wcstfc;480024;52;52;explore;sp;sg2;hm51;false;503;1002
wcstfc;480024;53;53;explore;sp;qy3;hm52;true;419;1322
wcstfc;480024;54;54;explore;sp;qy3;hm53;false;479;1214
wcstfc;480024;55;55;explore;sp;qy3;hm54;true;395;1010
wcstfc;480024;56;56;explore;sp;qy3;hm55;false;439;1065
wcstfc;480024;57;57;explore;sp;qy3;hm56;true;498;1137
wcstfc;480024;58;58;explore;sp;qy3;hm57;false;424;1099
wcstfc;480024;59;59;explore;sp;cb4;hm58;false;467;1069
wcstfc;480024;60;60;explore;sp;qy3;hm0;true;431;1567
wcstfc;480024;61;61;failed;sp;sg2;hm1;false;617;1335
wcstfc;480024;62;1;explore;c;sg2;sb4;false;792;2795
wcstfc;480024;63;2;explore;c;cb4;cr4;false;672;2937
wcstfc;480024;64;3;explore;c;sg2;cg2;true;700;2045
wcstfc;480024;65;4;explore;c;cb4;cb2;true;804;1773
wcstfc;480024;66;5;explore;c;sg2;tg2;true;635;1499
wcstfc;480024;67;6;explore;c;qy3;cy1;true;666;1444
wcstfc;480024;68;7;explore;c;qy3;qy2;true;535;1392
wcstfc;480024;69;8;explore;c;qy3;cy3;true;499;1277
wcstfc;480024;70;9;explore;c;cb4;tb1;true;563;1291
wcstfc;480024;71;10;explore;c;tr1;sr1;true;646;1767
wcstfc;480024;72;11;success;c;qy3;sy1;true;1357;2368
wcstfc;480024;73;1;explore;s;sg2;tg4;false;585;1391
wcstfc;480024;74;2;explore;s;qy3;qg3;true;799;1821
wcstfc;480024;75;3;explore;s;qy3;sy3;false;608;1457
wcstfc;480024;76;4;explore;s;cb4;cg1;true;1060;2022
wcstfc;480024;77;5;explore;s;tr1;tb3;true;664;1554
wcstfc;480024;78;6;explore;s;sg2;sr3;true;644;1454
wcstfc;480024;79;7;explore;s;sg2;sr2;true;641;1785
wcstfc;480024;80;8;explore;s;sg2;sb2;true;906;1970
wcstfc;480024;81;9;explore;s;tr1;tr3;true;1360;2130
wcstfc;480024;82;10;success;s;tr1;ty4;true;2218;3064
wcstfc;480024;83;1;explore;n;cb4;cr2;false;655;1635
wcstfc;480024;84;2;explore;n;qy3;qb3;true;688;1435
wcstfc;480024;85;3;explore;n;cb4;cy4;true;623;1544
wcstfc;480024;86;4;explore;n;qy3;qg1;false;580;1586
wcstfc;480024;87;5;explore;n;qy3;qr3;true;1343;2805
wcstfc;480024;88;6;explore;n;qy3;cg3;true;671;1575
wcstfc;480024;89;7;explore;n;qy3;sg3;true;598;1440
wcstfc;480024;90;8;explore;n;tr1;sg1;true;766;1454
wcstfc;480024;91;9;explore;n;cb4;qg4;true;539;1331
wcstfc;480024;92;10;explore;n;sg2;qr2;true;538;1345
wcstfc;480024;93;11;explore;n;tr1;cb1;true;672;1689
wcstfc;480024;94;12;success;n;cb4;tb4;true;685;1891
wcstfc;482220;1;1;explore;sp;sg2;hm0;false;494;1803
wcstfc;482220;2;2;explore;sp;qy3;hm1;true;450;1101
wcstfc;482220;3;3;explore;sp;cb4;hm2;false;484;1101
wcstfc;482220;4;4;explore;sp;sg2;hm3;false;470;1096
wcstfc;482220;5;5;explore;sp;tr1;hm4;false;593;1184
wcstfc;482220;6;6;explore;sp;qy3;hm5;true;463;1092
wcstfc;482220;7;7;explore;sp;qy3;hm6;false;498;1151
wcstfc;482220;8;8;explore;sp;cb4;hm7;false;579;1094
wcstfc;482220;9;9;explore;sp;sg2;hm8;false;664;1234
wcstfc;482220;10;10;explore;sp;tr1;hm9;false;489;1015
wcstfc;482220;11;11;explore;sp;tr1;hm10;false;630;1171
wcstfc;482220;12;12;explore;sp;tr1;hm11;false;640;1309
wcstfc;482220;13;13;explore;sp;sg2;hm12;false;457;1069
wcstfc;482220;14;14;explore;sp;qy3;hm13;true;507;1269
wcstfc;482220;15;15;explore;sp;cb4;hm14;false;536;1187
wcstfc;482220;16;16;explore;sp;qy3;hm15;true;457;1069
wcstfc;482220;17;17;explore;sp;qy3;hm16;false;577;1183
wcstfc;482220;18;18;explore;sp;cb4;hm17;false;441;1028
wcstfc;482220;19;19;explore;sp;sg2;hm18;false;457;1108
wcstfc;482220;20;20;explore;sp;qy3;hm19;true;473;1116
wcstfc;482220;21;21;explore;sp;sg2;hm20;false;545;1397
wcstfc;482220;22;22;explore;sp;qy3;hm21;true;571;1146
wcstfc;482220;23;23;explore;sp;cb4;hm22;false;490;1195
wcstfc;482220;24;24;explore;sp;qy3;hm23;true;479;1022
wcstfc;482220;25;25;explore;sp;sg2;hm24;false;689;1829
wcstfc;482220;26;26;explore;sp;qy3;hm25;true;497;1141
wcstfc;482220;27;27;explore;sp;tr1;hm26;true;626;1664
wcstfc;482220;28;28;explore;sp;sg2;hm27;false;572;1180
wcstfc;482220;29;29;explore;sp;tr1;hm28;false;697;1345
wcstfc;482220;30;30;explore;sp;qy3;hm29;true;433;1214
wcstfc;482220;31;31;explore;sp;sg2;hm30;false;401;966
wcstfc;482220;32;32;explore;sp;qy3;hm31;true;442;1047
wcstfc;482220;33;33;explore;sp;sg2;hm32;false;498;1108
wcstfc;482220;34;34;explore;sp;qy3;hm33;true;490;1044
wcstfc;482220;35;35;explore;sp;sg2;hm34;false;620;1679
wcstfc;482220;36;36;explore;sp;qy3;hm35;true;462;1147
wcstfc;482220;37;37;explore;sp;qy3;hm36;false;369;943
wcstfc;482220;38;38;explore;sp;sg2;hm37;false;449;1085
wcstfc;482220;39;39;explore;sp;qy3;hm38;true;490;1583
wcstfc;482220;40;40;explore;sp;div2;hm39;false;826;1557
wcstfc;482220;41;41;explore;sp;qy3;hm40;true;430;1005
wcstfc;482220;42;42;explore;sp;sg2;hm41;false;520;1262
wcstfc;482220;43;43;explore;sp;qy3;hm42;true;554;1559
wcstfc;482220;44;44;explore;sp;sg2;hm43;false;666;1205
wcstfc;482220;45;45;explore;sp;qy3;hm44;true;593;1237
wcstfc;482220;46;46;explore;sp;sg2;hm45;false;497;1615
wcstfc;482220;47;47;explore;sp;qy3;hm46;true;481;1373
wcstfc;482220;48;48;explore;sp;sg2;hm47;false;914;1431
wcstfc;482220;49;49;explore;sp;qy3;hm48;true;586;1246
wcstfc;482220;50;50;explore;sp;sg2;hm49;false;522;1173
wcstfc;482220;51;51;explore;sp;qy3;hm50;true;490;1118
wcstfc;482220;52;52;explore;sp;sg2;hm51;false;569;1141
wcstfc;482220;53;53;explore;sp;qy3;hm52;true;562;1158
wcstfc;482220;54;54;explore;sp;sg2;hm53;false;512;1100
wcstfc;482220;55;55;explore;sp;qy3;hm54;true;474;1071
wcstfc;482220;56;56;explore;sp;sg2;hm55;false;522;1110
wcstfc;482220;57;57;explore;sp;qy3;hm56;true;546;1110
wcstfc;482220;58;58;explore;sp;sg2;hm57;false;529;1097
wcstfc;482220;59;59;explore;sp;qy3;hm58;true;617;1214
wcstfc;482220;60;60;explore;sp;sg2;hm0;false;626;1221
wcstfc;482220;61;61;failed;sp;qy3;hm1;true;608;1308
wcstfc;482220;62;1;explore;c;sg2;cg2;true;747;2592
wcstfc;482220;63;2;explore;c;qy3;cy3;true;809;1601
wcstfc;482220;64;3;explore;c;sg2;tg2;true;616;1377
wcstfc;482220;65;4;explore;c;qy3;ty3;true;632;1365
wcstfc;482220;66;5;explore;c;tr1;qr2;true;731;1542
wcstfc;482220;67;6;explore;c;sg2;sg4;true;746;1685
wcstfc;482220;68;7;explore;c;tr1;sr2;true;969;1756
wcstfc;482220;69;8;success;c;sg2;sg1;true;1015;1957
wcstfc;482220;70;1;explore;s;tr1;cr2;false;731;1601
wcstfc;482220;71;2;explore;s;cb4;sb2;false;1602;2404
wcstfc;482220;72;3;explore;s;tr1;cg1;false;969;2226
wcstfc;482220;73;4;explore;s;qy3;qb1;true;2514;3306
wcstfc;482220;74;5;explore;s;qy3;cb3;false;674;1661
wcstfc;482220;75;6;explore;s;qy3;qy1;true;1281;2228
wcstfc;482220;76;7;explore;s;qy3;qb4;true;737;1860
wcstfc;482220;77;8;explore;s;qy3;qb2;true;697;1668
wcstfc;482220;78;9;explore;s;cb4;cg4;true;746;1661
wcstfc;482220;79;10;explore;s;qy3;qy2;true;676;1519
wcstfc;482220;80;11;explore;s;cb4;cy1;true;1401;2138
wcstfc;482220;81;12;explore;s;sg2;sy1;true;785;1541
wcstfc;482220;82;13;explore;s;sg2;sr3;true;850;1597
wcstfc;482220;83;14;success;s;cb4;cb1;true;993;1763
wcstfc;482220;84;1;explore;n;sg2;sy3;false;1177;2382
wcstfc;482220;85;2;explore;n;tr1;tb1;true;1019;1829
wcstfc;482220;86;3;explore;n;qy3;qr1;false;939;1717
wcstfc;482220;87;4;explore;n;tr1;tb4;false;563;2012
wcstfc;482220;88;5;explore;n;qy3;qr4;false;946;2589
wcstfc;482220;89;6;explore;n;cb4;tb2;false;720;1964
wcstfc;482220;90;7;explore;n;cb4;cr4;true;547;1509
wcstfc;482220;91;8;explore;n;cb4;cy4;true;776;1867
wcstfc;482220;92;9;explore;n;tr1;ty1;true;802;1820
wcstfc;482220;93;10;explore;n;sg2;sy2;true;914;1781
wcstfc;482220;94;11;explore;n;tr1;ty4;false;1370;2244
wcstfc;482220;95;12;explore;n;qy3;qr3;true;849;2196
wcstfc;482220;96;13;explore;n;cb4;cy2;false;626;2949
wcstfc;482220;97;14;explore;n;tr1;qg1;true;1586;2965
wcstfc;482220;98;15;explore;n;cb4;sb4;true;873;1813
wcstfc;482220;99;16;explore;n;sg2;qg2;true;883;1869
wcstfc;482220;100;17;explore;n;tr1;tg1;true;864;1987
wcstfc;482220;101;18;explore;n;qy3;sb3;true;735;1793
wcstfc;482220;102;19;explore;n;qy3;cr3;true;681;1919
wcstfc;482220;103;20;success;n;sg2;tr2;true;1825;2858
